<?xml version="1.0" encoding="UTF-8"?>
<beans xmlns="http://www.springframework.org/schema/beans"
	xmlns:xsi="http://www.w3.org/2001/XMLSchema-instance"
	xmlns:context="http://www.springframework.org/schema/context"
	xmlns:tx="http://www.springframework.org/schema/tx"
	xmlns:aop="http://www.springframework.org/schema/aop"
	xsi:schemaLocation="http://www.springframework.org/schema/beans http://www.springframework.org/schema/beans/spring-beans.xsd
		http://www.springframework.org/schema/context http://www.springframework.org/schema/context/spring-context-3.1.xsd
		http://www.springframework.org/schema/aop http://www.springframework.org/schema/aop/spring-aop-4.3.xsd
		http://www.springframework.org/schema/tx http://www.springframework.org/schema/tx/spring-tx-4.3.xsd">
	
	<context:component-scan base-package="com.springbook.biz"></context:component-scan>
	
	<!-- DataSource 설정 -->
	<context:property-placeholder location="classpath:config/database.properties" />
	<bean id="dataSource" class="org.apache.commons.dbcp.BasicDataSource"
		destroy-method="close">
		<property name="driverClassName" value="${jdbc.driver}" />
		<property name="url" value="${jdbc.url}" />
		<property name="username" value="${jdbc.username}" />
		<property name="password" value="${jdbc.password}" />
	</bean>

	<bean id="jdbcTemplate" class="org.springframework.jdbc.core.JdbcTemplate">
		<property name="dataSource" ref="dataSource" />
	</bean>
	
  <!--모든 트랜젝션관리자는 PlatformTransactionManager인터페이스 구현한 클래스들  -->
	 <bean id="txManager" class="org.springframework.jdbc.datasource.DataSourceTransactionManager">
	    <property name="dataSource" ref="dataSource"></property>
	</bean>
	
	<tx:advice id="txAdvice" transaction-manager="txManager">
		<tx:attributes>
			<tx:method name="get*" read-only="true"/>
			<tx:method name="*"/>
		</tx:attributes>
	</tx:advice>
	<aop:config>
	     <aop:pointcut id="txPointcut" expression="execution(* com.springbook.biz..*(..))"/>
	     <aop:advisor pointcut-ref="txPointcut" advice-ref="txAdvice"/>
	</aop:config>
<!-- 
	<tx:annotation-driven/>
 -->
 
 </beans>
